recorded_at,experiment,label,frame_index,phone_confidence
2026-07-15T15:34:23.561976+00:00,experiment_1_desktop_pc_camera,nophone_empty_frame,1,0.0000
2026-07-15T15:34:23.561976+00:00,experiment_1_desktop_pc_camera,nophone_empty_frame,2,0.0000
2026-07-15T15:34:23.561976+00:00,experiment_1_desktop_pc_camera,nophone_empty_frame,3,0.0000
2026-07-15T15:34:23.561976+00:00,experiment_1_desktop_pc_camera,nophone_empty_frame,4,0.0000
2026-07-15T15:34:23.561976+00:00,experiment_1_desktop_pc_camera,nophone_empty_frame,5,0.0000
2026-07-15T15:34:23.561976+00:00,experiment_1_desktop_pc_camera,nophone_empty_frame,6,0.0000
2026-07-15T15:34:23.561976+00:00,experiment_1_desktop_pc_camera,nophone_empty_frame,7,0.0000
2026-07-15T15:34:23.561976+00:00,experiment_1_desktop_pc_camera,nophone_empty_frame,8,0.0000
2026-07-15T15:34:23.561976+00:00,experiment_1_desktop_pc_camera,nophone_empty_frame,9,0.0000
2026-07-15T15:34:23.561976+00:00,experiment_1_desktop_pc_camera,nophone_empty_frame,10,0.0000
2026-07-15T15:34:23.561976+00:00,experiment_1_desktop_pc_camera,nophone_empty_frame,11,0.0000
2026-07-15T15:34:23.561976+00:00,experiment_1_desktop_pc_camera,nophone_empty_frame,12,0.0000
2026-07-15T15:34:23.561976+00:00,experiment_1_desktop_pc_camera,nophone_empty_frame,13,0.0000
2026-07-15T15:34:23.561976+00:00,experiment_1_desktop_pc_camera,nophone_empty_frame,14,0.0000
2026-07-15T15:34:23.561976+00:00,experiment_1_desktop_pc_camera,nophone_empty_frame,15,0.0000
2026-07-15T15:34:23.561976+00:00,experiment_1_desktop_pc_camera,nophone_empty_frame,16,0.0000
2026-07-15T15:34:23.561976+00:00,experiment_1_desktop_pc_camera,nophone_empty_frame,17,0.0000
2026-07-15T15:34:23.561976+00:00,experiment_1_desktop_pc_camera,nophone_empty_frame,18,0.0000
2026-07-15T15:34:23.561976+00:00,experiment_1_desktop_pc_camera,nophone_empty_frame,19,0.0000
2026-07-15T15:34:23.561976+00:00,experiment_1_desktop_pc_camera,nophone_empty_frame,20,0.0000
2026-07-15T15:34:23.561976+00:00,experiment_1_desktop_pc_camera,nophone_empty_frame,21,0.0000
2026-07-15T15:34:23.561976+00:00,experiment_1_desktop_pc_camera,nophone_empty_frame,22,0.0000
2026-07-15T15:34:23.561976+00:00,experiment_1_desktop_pc_camera,nophone_empty_frame,23,0.0000
2026-07-15T15:34:23.561976+00:00,experiment_1_desktop_pc_camera,nophone_empty_frame,24,0.0000
2026-07-15T15:34:23.561976+00:00,experiment_1_desktop_pc_camera,nophone_empty_frame,25,0.0000
2026-07-15T15:34:23.561976+00:00,experiment_1_desktop_pc_camera,nophone_empty_frame,26,0.0000
2026-07-15T15:34:23.561976+00:00,experiment_1_desktop_pc_camera,nophone_empty_frame,27,0.0000
2026-07-15T15:34:23.561976+00:00,experiment_1_desktop_pc_camera,nophone_empty_frame,28,0.0000
2026-07-15T15:34:23.561976+00:00,experiment_1_desktop_pc_camera,nophone_empty_frame,29,0.0000
2026-07-15T15:34:23.561976+00:00,experiment_1_desktop_pc_camera,nophone_empty_frame,30,0.0000
2026-07-15T15:35:10.201754+00:00,experiment_1_desktop_pc_camera,phone_lower_frame,1,0.5830
2026-07-15T15:35:10.201754+00:00,experiment_1_desktop_pc_camera,phone_lower_frame,2,0.6865
2026-07-15T15:35:10.201754+00:00,experiment_1_desktop_pc_camera,phone_lower_frame,3,0.5627
2026-07-15T15:35:10.201754+00:00,experiment_1_desktop_pc_camera,phone_lower_frame,4,0.5970
2026-07-15T15:35:10.201754+00:00,experiment_1_desktop_pc_camera,phone_lower_frame,5,0.6117
2026-07-15T15:35:10.201754+00:00,experiment_1_desktop_pc_camera,phone_lower_frame,6,0.6791
2026-07-15T15:35:10.201754+00:00,experiment_1_desktop_pc_camera,phone_lower_frame,7,0.6163
2026-07-15T15:35:10.201754+00:00,experiment_1_desktop_pc_camera,phone_lower_frame,8,0.5951
2026-07-15T15:35:10.201754+00:00,experiment_1_desktop_pc_camera,phone_lower_frame,9,0.5513
2026-07-15T15:35:10.201754+00:00,experiment_1_desktop_pc_camera,phone_lower_frame,10,0.7244
2026-07-15T15:35:10.201754+00:00,experiment_1_desktop_pc_camera,phone_lower_frame,11,0.4910
2026-07-15T15:35:10.201754+00:00,experiment_1_desktop_pc_camera,phone_lower_frame,12,0.7501
2026-07-15T15:35:10.201754+00:00,experiment_1_desktop_pc_camera,phone_lower_frame,13,0.5778
2026-07-15T15:35:10.201754+00:00,experiment_1_desktop_pc_camera,phone_lower_frame,14,0.6160
2026-07-15T15:35:10.201754+00:00,experiment_1_desktop_pc_camera,phone_lower_frame,15,0.5966
2026-07-15T15:35:10.201754+00:00,experiment_1_desktop_pc_camera,phone_lower_frame,16,0.6481
2026-07-15T15:35:10.201754+00:00,experiment_1_desktop_pc_camera,phone_lower_frame,17,0.7271
2026-07-15T15:35:10.201754+00:00,experiment_1_desktop_pc_camera,phone_lower_frame,18,0.8354
2026-07-15T15:35:10.201754+00:00,experiment_1_desktop_pc_camera,phone_lower_frame,19,0.6282
2026-07-15T15:35:10.201754+00:00,experiment_1_desktop_pc_camera,phone_lower_frame,20,0.6921
2026-07-15T15:35:10.201754+00:00,experiment_1_desktop_pc_camera,phone_lower_frame,21,0.7576
2026-07-15T15:35:10.201754+00:00,experiment_1_desktop_pc_camera,phone_lower_frame,22,0.7250
2026-07-15T15:35:10.201754+00:00,experiment_1_desktop_pc_camera,phone_lower_frame,23,0.7858
2026-07-15T15:35:10.201754+00:00,experiment_1_desktop_pc_camera,phone_lower_frame,24,0.7492
2026-07-15T15:35:10.201754+00:00,experiment_1_desktop_pc_camera,phone_lower_frame,25,0.6564
2026-07-15T15:35:10.201754+00:00,experiment_1_desktop_pc_camera,phone_lower_frame,26,0.6132
2026-07-15T15:35:10.201754+00:00,experiment_1_desktop_pc_camera,phone_lower_frame,27,0.6288
2026-07-15T15:35:10.201754+00:00,experiment_1_desktop_pc_camera,phone_lower_frame,28,0.3561
2026-07-15T15:35:10.201754+00:00,experiment_1_desktop_pc_camera,phone_lower_frame,29,0.6915
2026-07-15T15:35:10.201754+00:00,experiment_1_desktop_pc_camera,phone_lower_frame,30,0.7009
2026-07-15T15:35:47.077053+00:00,experiment_1_desktop_pc_camera,phone_edge_frame,1,0.0000
2026-07-15T15:35:47.077053+00:00,experiment_1_desktop_pc_camera,phone_edge_frame,2,0.0000
2026-07-15T15:35:47.077053+00:00,experiment_1_desktop_pc_camera,phone_edge_frame,3,0.0000
2026-07-15T15:35:47.077053+00:00,experiment_1_desktop_pc_camera,phone_edge_frame,4,0.0000
2026-07-15T15:35:47.077053+00:00,experiment_1_desktop_pc_camera,phone_edge_frame,5,0.0000
2026-07-15T15:35:47.077053+00:00,experiment_1_desktop_pc_camera,phone_edge_frame,6,0.0000
2026-07-15T15:35:47.077053+00:00,experiment_1_desktop_pc_camera,phone_edge_frame,7,0.0000
2026-07-15T15:35:47.077053+00:00,experiment_1_desktop_pc_camera,phone_edge_frame,8,0.0000
2026-07-15T15:35:47.077053+00:00,experiment_1_desktop_pc_camera,phone_edge_frame,9,0.0000
2026-07-15T15:35:47.077053+00:00,experiment_1_desktop_pc_camera,phone_edge_frame,10,0.0000
2026-07-15T15:35:47.077053+00:00,experiment_1_desktop_pc_camera,phone_edge_frame,11,0.0000
2026-07-15T15:35:47.077053+00:00,experiment_1_desktop_pc_camera,phone_edge_frame,12,0.0000
2026-07-15T15:35:47.077053+00:00,experiment_1_desktop_pc_camera,phone_edge_frame,13,0.0000
2026-07-15T15:35:47.077053+00:00,experiment_1_desktop_pc_camera,phone_edge_frame,14,0.0000
2026-07-15T15:35:47.077053+00:00,experiment_1_desktop_pc_camera,phone_edge_frame,15,0.2652
2026-07-15T15:35:47.077053+00:00,experiment_1_desktop_pc_camera,phone_edge_frame,16,0.0000
2026-07-15T15:35:47.077053+00:00,experiment_1_desktop_pc_camera,phone_edge_frame,17,0.0000
2026-07-15T15:35:47.077053+00:00,experiment_1_desktop_pc_camera,phone_edge_frame,18,0.0000
2026-07-15T15:35:47.077053+00:00,experiment_1_desktop_pc_camera,phone_edge_frame,19,0.0000
2026-07-15T15:35:47.077053+00:00,experiment_1_desktop_pc_camera,phone_edge_frame,20,0.0000
2026-07-15T15:35:47.077053+00:00,experiment_1_desktop_pc_camera,phone_edge_frame,21,0.0000
2026-07-15T15:35:47.077053+00:00,experiment_1_desktop_pc_camera,phone_edge_frame,22,0.0000
2026-07-15T15:35:47.077053+00:00,experiment_1_desktop_pc_camera,phone_edge_frame,23,0.0000
2026-07-15T15:35:47.077053+00:00,experiment_1_desktop_pc_camera,phone_edge_frame,24,0.0000
2026-07-15T15:35:47.077053+00:00,experiment_1_desktop_pc_camera,phone_edge_frame,25,0.0000
2026-07-15T15:35:47.077053+00:00,experiment_1_desktop_pc_camera,phone_edge_frame,26,0.0000
2026-07-15T15:35:47.077053+00:00,experiment_1_desktop_pc_camera,phone_edge_frame,27,0.0000
2026-07-15T15:35:47.077053+00:00,experiment_1_desktop_pc_camera,phone_edge_frame,28,0.4974
2026-07-15T15:35:47.077053+00:00,experiment_1_desktop_pc_camera,phone_edge_frame,29,0.5419
2026-07-15T15:35:47.077053+00:00,experiment_1_desktop_pc_camera,phone_edge_frame,30,0.5278
2026-07-15T15:36:32.916277+00:00,experiment_1_desktop_pc_camera,phone_in_hand_near_face,1,0.7837
2026-07-15T15:36:32.916277+00:00,experiment_1_desktop_pc_camera,phone_in_hand_near_face,2,0.7361
2026-07-15T15:36:32.916277+00:00,experiment_1_desktop_pc_camera,phone_in_hand_near_face,3,0.7359
2026-07-15T15:36:32.916277+00:00,experiment_1_desktop_pc_camera,phone_in_hand_near_face,4,0.7723
2026-07-15T15:36:32.916277+00:00,experiment_1_desktop_pc_camera,phone_in_hand_near_face,5,0.7883
2026-07-15T15:36:32.916277+00:00,experiment_1_desktop_pc_camera,phone_in_hand_near_face,6,0.7894
2026-07-15T15:36:32.916277+00:00,experiment_1_desktop_pc_camera,phone_in_hand_near_face,7,0.8065
2026-07-15T15:36:32.916277+00:00,experiment_1_desktop_pc_camera,phone_in_hand_near_face,8,0.7924
2026-07-15T15:36:32.916277+00:00,experiment_1_desktop_pc_camera,phone_in_hand_near_face,9,0.7851
2026-07-15T15:36:32.916277+00:00,experiment_1_desktop_pc_camera,phone_in_hand_near_face,10,0.7629
2026-07-15T15:36:32.916277+00:00,experiment_1_desktop_pc_camera,phone_in_hand_near_face,11,0.7500
2026-07-15T15:36:32.916277+00:00,experiment_1_desktop_pc_camera,phone_in_hand_near_face,12,0.7642
2026-07-15T15:36:32.916277+00:00,experiment_1_desktop_pc_camera,phone_in_hand_near_face,13,0.7527
2026-07-15T15:36:32.916277+00:00,experiment_1_desktop_pc_camera,phone_in_hand_near_face,14,0.7847
2026-07-15T15:36:32.916277+00:00,experiment_1_desktop_pc_camera,phone_in_hand_near_face,15,0.7057
2026-07-15T15:36:32.916277+00:00,experiment_1_desktop_pc_camera,phone_in_hand_near_face,16,0.7240
2026-07-15T15:36:32.916277+00:00,experiment_1_desktop_pc_camera,phone_in_hand_near_face,17,0.7162
2026-07-15T15:36:32.916277+00:00,experiment_1_desktop_pc_camera,phone_in_hand_near_face,18,0.0000
2026-07-15T15:36:32.916277+00:00,experiment_1_desktop_pc_camera,phone_in_hand_near_face,19,0.7062
2026-07-15T15:36:32.916277+00:00,experiment_1_desktop_pc_camera,phone_in_hand_near_face,20,0.7426
2026-07-15T15:36:32.916277+00:00,experiment_1_desktop_pc_camera,phone_in_hand_near_face,21,0.7275
2026-07-15T15:36:32.916277+00:00,experiment_1_desktop_pc_camera,phone_in_hand_near_face,22,0.7275
2026-07-15T15:36:32.916277+00:00,experiment_1_desktop_pc_camera,phone_in_hand_near_face,23,0.5842
2026-07-15T15:36:32.916277+00:00,experiment_1_desktop_pc_camera,phone_in_hand_near_face,24,0.7417
2026-07-15T15:36:32.916277+00:00,experiment_1_desktop_pc_camera,phone_in_hand_near_face,25,0.7052
2026-07-15T15:36:32.916277+00:00,experiment_1_desktop_pc_camera,phone_in_hand_near_face,26,0.7081
2026-07-15T15:36:32.916277+00:00,experiment_1_desktop_pc_camera,phone_in_hand_near_face,27,0.7471
2026-07-15T15:36:32.916277+00:00,experiment_1_desktop_pc_camera,phone_in_hand_near_face,28,0.7213
2026-07-15T15:36:32.916277+00:00,experiment_1_desktop_pc_camera,phone_in_hand_near_face,29,0.7350
2026-07-15T15:36:32.916277+00:00,experiment_1_desktop_pc_camera,phone_in_hand_near_face,30,0.7138
2026-07-15T15:37:12.593530+00:00,experiment_1_desktop_pc_camera,nophone_hand_to_face,1,0.0000
2026-07-15T15:37:12.593530+00:00,experiment_1_desktop_pc_camera,nophone_hand_to_face,2,0.0000
2026-07-15T15:37:12.593530+00:00,experiment_1_desktop_pc_camera,nophone_hand_to_face,3,0.0000
2026-07-15T15:37:12.593530+00:00,experiment_1_desktop_pc_camera,nophone_hand_to_face,4,0.0000
2026-07-15T15:37:12.593530+00:00,experiment_1_desktop_pc_camera,nophone_hand_to_face,5,0.0000
2026-07-15T15:37:12.593530+00:00,experiment_1_desktop_pc_camera,nophone_hand_to_face,6,0.0000
2026-07-15T15:37:12.593530+00:00,experiment_1_desktop_pc_camera,nophone_hand_to_face,7,0.0000
2026-07-15T15:37:12.593530+00:00,experiment_1_desktop_pc_camera,nophone_hand_to_face,8,0.0000
2026-07-15T15:37:12.593530+00:00,experiment_1_desktop_pc_camera,nophone_hand_to_face,9,0.0000
2026-07-15T15:37:12.593530+00:00,experiment_1_desktop_pc_camera,nophone_hand_to_face,10,0.0000
2026-07-15T15:37:12.593530+00:00,experiment_1_desktop_pc_camera,nophone_hand_to_face,11,0.0000
2026-07-15T15:37:12.593530+00:00,experiment_1_desktop_pc_camera,nophone_hand_to_face,12,0.0000
2026-07-15T15:37:12.593530+00:00,experiment_1_desktop_pc_camera,nophone_hand_to_face,13,0.0000
2026-07-15T15:37:12.593530+00:00,experiment_1_desktop_pc_camera,nophone_hand_to_face,14,0.0000
2026-07-15T15:37:12.593530+00:00,experiment_1_desktop_pc_camera,nophone_hand_to_face,15,0.0000
2026-07-15T15:37:12.593530+00:00,experiment_1_desktop_pc_camera,nophone_hand_to_face,16,0.0000
2026-07-15T15:37:12.593530+00:00,experiment_1_desktop_pc_camera,nophone_hand_to_face,17,0.0000
2026-07-15T15:37:12.593530+00:00,experiment_1_desktop_pc_camera,nophone_hand_to_face,18,0.0000
2026-07-15T15:37:12.593530+00:00,experiment_1_desktop_pc_camera,nophone_hand_to_face,19,0.2560
2026-07-15T15:37:12.593530+00:00,experiment_1_desktop_pc_camera,nophone_hand_to_face,20,0.4751
2026-07-15T15:37:12.593530+00:00,experiment_1_desktop_pc_camera,nophone_hand_to_face,21,0.0000
2026-07-15T15:37:12.593530+00:00,experiment_1_desktop_pc_camera,nophone_hand_to_face,22,0.0000
2026-07-15T15:37:12.593530+00:00,experiment_1_desktop_pc_camera,nophone_hand_to_face,23,0.0000
2026-07-15T15:37:12.593530+00:00,experiment_1_desktop_pc_camera,nophone_hand_to_face,24,0.0000
2026-07-15T15:37:12.593530+00:00,experiment_1_desktop_pc_camera,nophone_hand_to_face,25,0.0000
2026-07-15T15:37:12.593530+00:00,experiment_1_desktop_pc_camera,nophone_hand_to_face,26,0.0000
2026-07-15T15:37:12.593530+00:00,experiment_1_desktop_pc_camera,nophone_hand_to_face,27,0.0000
2026-07-15T15:37:12.593530+00:00,experiment_1_desktop_pc_camera,nophone_hand_to_face,28,0.0000
2026-07-15T15:37:12.593530+00:00,experiment_1_desktop_pc_camera,nophone_hand_to_face,29,0.0000
2026-07-15T15:37:12.593530+00:00,experiment_1_desktop_pc_camera,nophone_hand_to_face,30,0.0000
2026-07-15T15:37:35.812595+00:00,experiment_1_desktop_pc_camera,nophone_drinking_water,1,0.0000
2026-07-15T15:37:35.812595+00:00,experiment_1_desktop_pc_camera,nophone_drinking_water,2,0.0000
2026-07-15T15:37:35.812595+00:00,experiment_1_desktop_pc_camera,nophone_drinking_water,3,0.0000
2026-07-15T15:37:35.812595+00:00,experiment_1_desktop_pc_camera,nophone_drinking_water,4,0.0000
2026-07-15T15:37:35.812595+00:00,experiment_1_desktop_pc_camera,nophone_drinking_water,5,0.0000
2026-07-15T15:37:35.812595+00:00,experiment_1_desktop_pc_camera,nophone_drinking_water,6,0.0000
2026-07-15T15:37:35.812595+00:00,experiment_1_desktop_pc_camera,nophone_drinking_water,7,0.2979
2026-07-15T15:37:35.812595+00:00,experiment_1_desktop_pc_camera,nophone_drinking_water,8,0.3096
2026-07-15T15:37:35.812595+00:00,experiment_1_desktop_pc_camera,nophone_drinking_water,9,0.0000
2026-07-15T15:37:35.812595+00:00,experiment_1_desktop_pc_camera,nophone_drinking_water,10,0.0000
2026-07-15T15:37:35.812595+00:00,experiment_1_desktop_pc_camera,nophone_drinking_water,11,0.0000
2026-07-15T15:37:35.812595+00:00,experiment_1_desktop_pc_camera,nophone_drinking_water,12,0.0000
2026-07-15T15:37:35.812595+00:00,experiment_1_desktop_pc_camera,nophone_drinking_water,13,0.0000
2026-07-15T15:37:35.812595+00:00,experiment_1_desktop_pc_camera,nophone_drinking_water,14,0.0000
2026-07-15T15:37:35.812595+00:00,experiment_1_desktop_pc_camera,nophone_drinking_water,15,0.0000
2026-07-15T15:37:35.812595+00:00,experiment_1_desktop_pc_camera,nophone_drinking_water,16,0.0000
2026-07-15T15:37:35.812595+00:00,experiment_1_desktop_pc_camera,nophone_drinking_water,17,0.0000
2026-07-15T15:37:35.812595+00:00,experiment_1_desktop_pc_camera,nophone_drinking_water,18,0.0000
2026-07-15T15:37:35.812595+00:00,experiment_1_desktop_pc_camera,nophone_drinking_water,19,0.0000
2026-07-15T15:37:35.812595+00:00,experiment_1_desktop_pc_camera,nophone_drinking_water,20,0.0000
2026-07-15T15:37:35.812595+00:00,experiment_1_desktop_pc_camera,nophone_drinking_water,21,0.0000
2026-07-15T15:37:35.812595+00:00,experiment_1_desktop_pc_camera,nophone_drinking_water,22,0.0000
2026-07-15T15:37:35.812595+00:00,experiment_1_desktop_pc_camera,nophone_drinking_water,23,0.0000
2026-07-15T15:37:35.812595+00:00,experiment_1_desktop_pc_camera,nophone_drinking_water,24,0.0000
2026-07-15T15:37:35.812595+00:00,experiment_1_desktop_pc_camera,nophone_drinking_water,25,0.0000
2026-07-15T15:37:35.812595+00:00,experiment_1_desktop_pc_camera,nophone_drinking_water,26,0.0000
2026-07-15T15:37:35.812595+00:00,experiment_1_desktop_pc_camera,nophone_drinking_water,27,0.0000
2026-07-15T15:37:35.812595+00:00,experiment_1_desktop_pc_camera,nophone_drinking_water,28,0.0000
2026-07-15T15:37:35.812595+00:00,experiment_1_desktop_pc_camera,nophone_drinking_water,29,0.0000
2026-07-15T15:37:35.812595+00:00,experiment_1_desktop_pc_camera,nophone_drinking_water,30,0.0000
2026-07-15T15:37:56.186418+00:00,experiment_1_desktop_pc_camera,nophone_dark_waterbottle,1,0.0000
2026-07-15T15:37:56.186418+00:00,experiment_1_desktop_pc_camera,nophone_dark_waterbottle,2,0.0000
2026-07-15T15:37:56.186418+00:00,experiment_1_desktop_pc_camera,nophone_dark_waterbottle,3,0.0000
2026-07-15T15:37:56.186418+00:00,experiment_1_desktop_pc_camera,nophone_dark_waterbottle,4,0.0000
2026-07-15T15:37:56.186418+00:00,experiment_1_desktop_pc_camera,nophone_dark_waterbottle,5,0.0000
2026-07-15T15:37:56.186418+00:00,experiment_1_desktop_pc_camera,nophone_dark_waterbottle,6,0.0000
2026-07-15T15:37:56.186418+00:00,experiment_1_desktop_pc_camera,nophone_dark_waterbottle,7,0.3630
2026-07-15T15:37:56.186418+00:00,experiment_1_desktop_pc_camera,nophone_dark_waterbottle,8,0.4535
2026-07-15T15:37:56.186418+00:00,experiment_1_desktop_pc_camera,nophone_dark_waterbottle,9,0.7039
2026-07-15T15:37:56.186418+00:00,experiment_1_desktop_pc_camera,nophone_dark_waterbottle,10,0.6247
2026-07-15T15:37:56.186418+00:00,experiment_1_desktop_pc_camera,nophone_dark_waterbottle,11,0.3490
2026-07-15T15:37:56.186418+00:00,experiment_1_desktop_pc_camera,nophone_dark_waterbottle,12,0.4591
2026-07-15T15:37:56.186418+00:00,experiment_1_desktop_pc_camera,nophone_dark_waterbottle,13,0.0000
2026-07-15T15:37:56.186418+00:00,experiment_1_desktop_pc_camera,nophone_dark_waterbottle,14,0.4159
2026-07-15T15:37:56.186418+00:00,experiment_1_desktop_pc_camera,nophone_dark_waterbottle,15,0.3250
2026-07-15T15:37:56.186418+00:00,experiment_1_desktop_pc_camera,nophone_dark_waterbottle,16,0.0000
2026-07-15T15:37:56.186418+00:00,experiment_1_desktop_pc_camera,nophone_dark_waterbottle,17,0.5499
2026-07-15T15:37:56.186418+00:00,experiment_1_desktop_pc_camera,nophone_dark_waterbottle,18,0.2722
2026-07-15T15:37:56.186418+00:00,experiment_1_desktop_pc_camera,nophone_dark_waterbottle,19,0.0000
2026-07-15T15:37:56.186418+00:00,experiment_1_desktop_pc_camera,nophone_dark_waterbottle,20,0.0000
2026-07-15T15:37:56.186418+00:00,experiment_1_desktop_pc_camera,nophone_dark_waterbottle,21,0.0000
2026-07-15T15:37:56.186418+00:00,experiment_1_desktop_pc_camera,nophone_dark_waterbottle,22,0.0000
2026-07-15T15:37:56.186418+00:00,experiment_1_desktop_pc_camera,nophone_dark_waterbottle,23,0.0000
2026-07-15T15:37:56.186418+00:00,experiment_1_desktop_pc_camera,nophone_dark_waterbottle,24,0.0000
2026-07-15T15:37:56.186418+00:00,experiment_1_desktop_pc_camera,nophone_dark_waterbottle,25,0.0000
2026-07-15T15:37:56.186418+00:00,experiment_1_desktop_pc_camera,nophone_dark_waterbottle,26,0.0000
2026-07-15T15:37:56.186418+00:00,experiment_1_desktop_pc_camera,nophone_dark_waterbottle,27,0.0000
2026-07-15T15:37:56.186418+00:00,experiment_1_desktop_pc_camera,nophone_dark_waterbottle,28,0.0000
2026-07-15T15:37:56.186418+00:00,experiment_1_desktop_pc_camera,nophone_dark_waterbottle,29,0.0000
2026-07-15T15:37:56.186418+00:00,experiment_1_desktop_pc_camera,nophone_dark_waterbottle,30,0.2838
2026-07-15T15:38:12.197877+00:00,experiment_1_desktop_pc_camera,nophone_headset,1,0.0000
2026-07-15T15:38:12.197877+00:00,experiment_1_desktop_pc_camera,nophone_headset,2,0.0000
2026-07-15T15:38:12.197877+00:00,experiment_1_desktop_pc_camera,nophone_headset,3,0.0000
2026-07-15T15:38:12.197877+00:00,experiment_1_desktop_pc_camera,nophone_headset,4,0.0000
2026-07-15T15:38:12.197877+00:00,experiment_1_desktop_pc_camera,nophone_headset,5,0.0000
2026-07-15T15:38:12.197877+00:00,experiment_1_desktop_pc_camera,nophone_headset,6,0.0000
2026-07-15T15:38:12.197877+00:00,experiment_1_desktop_pc_camera,nophone_headset,7,0.0000
2026-07-15T15:38:12.197877+00:00,experiment_1_desktop_pc_camera,nophone_headset,8,0.3058
2026-07-15T15:38:12.197877+00:00,experiment_1_desktop_pc_camera,nophone_headset,9,0.3107
2026-07-15T15:38:12.197877+00:00,experiment_1_desktop_pc_camera,nophone_headset,10,0.4970
2026-07-15T15:38:12.197877+00:00,experiment_1_desktop_pc_camera,nophone_headset,11,0.5238
2026-07-15T15:38:12.197877+00:00,experiment_1_desktop_pc_camera,nophone_headset,12,0.2556
2026-07-15T15:38:12.197877+00:00,experiment_1_desktop_pc_camera,nophone_headset,13,0.0000
2026-07-15T15:38:12.197877+00:00,experiment_1_desktop_pc_camera,nophone_headset,14,0.0000
2026-07-15T15:38:12.197877+00:00,experiment_1_desktop_pc_camera,nophone_headset,15,0.0000
2026-07-15T15:38:12.197877+00:00,experiment_1_desktop_pc_camera,nophone_headset,16,0.0000
2026-07-15T15:38:12.197877+00:00,experiment_1_desktop_pc_camera,nophone_headset,17,0.0000
2026-07-15T15:38:12.197877+00:00,experiment_1_desktop_pc_camera,nophone_headset,18,0.0000
2026-07-15T15:38:12.197877+00:00,experiment_1_desktop_pc_camera,nophone_headset,19,0.0000
2026-07-15T15:38:12.197877+00:00,experiment_1_desktop_pc_camera,nophone_headset,20,0.0000
2026-07-15T15:38:12.197877+00:00,experiment_1_desktop_pc_camera,nophone_headset,21,0.0000
2026-07-15T15:38:12.197877+00:00,experiment_1_desktop_pc_camera,nophone_headset,22,0.2609
2026-07-15T15:38:12.197877+00:00,experiment_1_desktop_pc_camera,nophone_headset,23,0.0000
2026-07-15T15:38:12.197877+00:00,experiment_1_desktop_pc_camera,nophone_headset,24,0.0000
2026-07-15T15:38:12.197877+00:00,experiment_1_desktop_pc_camera,nophone_headset,25,0.0000
2026-07-15T15:38:12.197877+00:00,experiment_1_desktop_pc_camera,nophone_headset,26,0.0000
2026-07-15T15:38:12.197877+00:00,experiment_1_desktop_pc_camera,nophone_headset,27,0.0000
2026-07-15T15:38:12.197877+00:00,experiment_1_desktop_pc_camera,nophone_headset,28,0.0000
2026-07-15T15:38:12.197877+00:00,experiment_1_desktop_pc_camera,nophone_headset,29,0.0000
2026-07-15T15:38:12.197877+00:00,experiment_1_desktop_pc_camera,nophone_headset,30,0.0000
2026-07-15T15:39:35.658097+00:00,experiment_1_desktop_pc_camera,nophone_pen_by_face,1,0.0000
2026-07-15T15:39:35.658097+00:00,experiment_1_desktop_pc_camera,nophone_pen_by_face,2,0.0000
2026-07-15T15:39:35.658097+00:00,experiment_1_desktop_pc_camera,nophone_pen_by_face,3,0.0000
2026-07-15T15:39:35.658097+00:00,experiment_1_desktop_pc_camera,nophone_pen_by_face,4,0.0000
2026-07-15T15:39:35.658097+00:00,experiment_1_desktop_pc_camera,nophone_pen_by_face,5,0.0000
2026-07-15T15:39:35.658097+00:00,experiment_1_desktop_pc_camera,nophone_pen_by_face,6,0.0000
2026-07-15T15:39:35.658097+00:00,experiment_1_desktop_pc_camera,nophone_pen_by_face,7,0.0000
2026-07-15T15:39:35.658097+00:00,experiment_1_desktop_pc_camera,nophone_pen_by_face,8,0.0000
2026-07-15T15:39:35.658097+00:00,experiment_1_desktop_pc_camera,nophone_pen_by_face,9,0.0000
2026-07-15T15:39:35.658097+00:00,experiment_1_desktop_pc_camera,nophone_pen_by_face,10,0.0000
2026-07-15T15:39:35.658097+00:00,experiment_1_desktop_pc_camera,nophone_pen_by_face,11,0.0000
2026-07-15T15:39:35.658097+00:00,experiment_1_desktop_pc_camera,nophone_pen_by_face,12,0.0000
2026-07-15T15:39:35.658097+00:00,experiment_1_desktop_pc_camera,nophone_pen_by_face,13,0.0000
2026-07-15T15:39:35.658097+00:00,experiment_1_desktop_pc_camera,nophone_pen_by_face,14,0.0000
2026-07-15T15:39:35.658097+00:00,experiment_1_desktop_pc_camera,nophone_pen_by_face,15,0.0000
2026-07-15T15:39:35.658097+00:00,experiment_1_desktop_pc_camera,nophone_pen_by_face,16,0.0000
2026-07-15T15:39:35.658097+00:00,experiment_1_desktop_pc_camera,nophone_pen_by_face,17,0.0000
2026-07-15T15:39:35.658097+00:00,experiment_1_desktop_pc_camera,nophone_pen_by_face,18,0.0000
2026-07-15T15:39:35.658097+00:00,experiment_1_desktop_pc_camera,nophone_pen_by_face,19,0.0000
2026-07-15T15:39:35.658097+00:00,experiment_1_desktop_pc_camera,nophone_pen_by_face,20,0.3422
2026-07-15T15:39:35.658097+00:00,experiment_1_desktop_pc_camera,nophone_pen_by_face,21,0.0000
2026-07-15T15:39:35.658097+00:00,experiment_1_desktop_pc_camera,nophone_pen_by_face,22,0.0000
2026-07-15T15:39:35.658097+00:00,experiment_1_desktop_pc_camera,nophone_pen_by_face,23,0.0000
2026-07-15T15:39:35.658097+00:00,experiment_1_desktop_pc_camera,nophone_pen_by_face,24,0.0000
2026-07-15T15:39:35.658097+00:00,experiment_1_desktop_pc_camera,nophone_pen_by_face,25,0.0000
2026-07-15T15:39:35.658097+00:00,experiment_1_desktop_pc_camera,nophone_pen_by_face,26,0.0000
2026-07-15T15:39:35.658097+00:00,experiment_1_desktop_pc_camera,nophone_pen_by_face,27,0.0000
2026-07-15T15:39:35.658097+00:00,experiment_1_desktop_pc_camera,nophone_pen_by_face,28,0.0000
2026-07-15T15:39:35.658097+00:00,experiment_1_desktop_pc_camera,nophone_pen_by_face,29,0.0000
2026-07-15T15:39:35.658097+00:00,experiment_1_desktop_pc_camera,nophone_pen_by_face,30,0.0000
2026-07-15T15:39:52.827582+00:00,experiment_1_desktop_pc_camera,nophone_pen_moving,1,0.0000
2026-07-15T15:39:52.827582+00:00,experiment_1_desktop_pc_camera,nophone_pen_moving,2,0.0000
2026-07-15T15:39:52.827582+00:00,experiment_1_desktop_pc_camera,nophone_pen_moving,3,0.0000
2026-07-15T15:39:52.827582+00:00,experiment_1_desktop_pc_camera,nophone_pen_moving,4,0.0000
2026-07-15T15:39:52.827582+00:00,experiment_1_desktop_pc_camera,nophone_pen_moving,5,0.0000
2026-07-15T15:39:52.827582+00:00,experiment_1_desktop_pc_camera,nophone_pen_moving,6,0.0000
2026-07-15T15:39:52.827582+00:00,experiment_1_desktop_pc_camera,nophone_pen_moving,7,0.0000
2026-07-15T15:39:52.827582+00:00,experiment_1_desktop_pc_camera,nophone_pen_moving,8,0.0000
2026-07-15T15:39:52.827582+00:00,experiment_1_desktop_pc_camera,nophone_pen_moving,9,0.0000
2026-07-15T15:39:52.827582+00:00,experiment_1_desktop_pc_camera,nophone_pen_moving,10,0.0000
2026-07-15T15:39:52.827582+00:00,experiment_1_desktop_pc_camera,nophone_pen_moving,11,0.0000
2026-07-15T15:39:52.827582+00:00,experiment_1_desktop_pc_camera,nophone_pen_moving,12,0.0000
2026-07-15T15:39:52.827582+00:00,experiment_1_desktop_pc_camera,nophone_pen_moving,13,0.0000
2026-07-15T15:39:52.827582+00:00,experiment_1_desktop_pc_camera,nophone_pen_moving,14,0.0000
2026-07-15T15:39:52.827582+00:00,experiment_1_desktop_pc_camera,nophone_pen_moving,15,0.0000
2026-07-15T15:39:52.827582+00:00,experiment_1_desktop_pc_camera,nophone_pen_moving,16,0.0000
2026-07-15T15:39:52.827582+00:00,experiment_1_desktop_pc_camera,nophone_pen_moving,17,0.0000
2026-07-15T15:39:52.827582+00:00,experiment_1_desktop_pc_camera,nophone_pen_moving,18,0.0000
2026-07-15T15:39:52.827582+00:00,experiment_1_desktop_pc_camera,nophone_pen_moving,19,0.0000
2026-07-15T15:39:52.827582+00:00,experiment_1_desktop_pc_camera,nophone_pen_moving,20,0.0000
2026-07-15T15:39:52.827582+00:00,experiment_1_desktop_pc_camera,nophone_pen_moving,21,0.0000
2026-07-15T15:39:52.827582+00:00,experiment_1_desktop_pc_camera,nophone_pen_moving,22,0.0000
2026-07-15T15:39:52.827582+00:00,experiment_1_desktop_pc_camera,nophone_pen_moving,23,0.0000
2026-07-15T15:39:52.827582+00:00,experiment_1_desktop_pc_camera,nophone_pen_moving,24,0.0000
2026-07-15T15:39:52.827582+00:00,experiment_1_desktop_pc_camera,nophone_pen_moving,25,0.0000
2026-07-15T15:39:52.827582+00:00,experiment_1_desktop_pc_camera,nophone_pen_moving,26,0.0000
2026-07-15T15:39:52.827582+00:00,experiment_1_desktop_pc_camera,nophone_pen_moving,27,0.0000
2026-07-15T15:39:52.827582+00:00,experiment_1_desktop_pc_camera,nophone_pen_moving,28,0.0000
2026-07-15T15:39:52.827582+00:00,experiment_1_desktop_pc_camera,nophone_pen_moving,29,0.0000
2026-07-15T15:39:52.827582+00:00,experiment_1_desktop_pc_camera,nophone_pen_moving,30,0.0000
2026-07-15T15:40:19.011824+00:00,experiment_1_desktop_pc_camera,nophone_notebook,1,0.0000
2026-07-15T15:40:19.011824+00:00,experiment_1_desktop_pc_camera,nophone_notebook,2,0.0000
2026-07-15T15:40:19.011824+00:00,experiment_1_desktop_pc_camera,nophone_notebook,3,0.0000
2026-07-15T15:40:19.011824+00:00,experiment_1_desktop_pc_camera,nophone_notebook,4,0.0000
2026-07-15T15:40:19.011824+00:00,experiment_1_desktop_pc_camera,nophone_notebook,5,0.0000
2026-07-15T15:40:19.011824+00:00,experiment_1_desktop_pc_camera,nophone_notebook,6,0.0000
2026-07-15T15:40:19.011824+00:00,experiment_1_desktop_pc_camera,nophone_notebook,7,0.0000
2026-07-15T15:40:19.011824+00:00,experiment_1_desktop_pc_camera,nophone_notebook,8,0.0000
2026-07-15T15:40:19.011824+00:00,experiment_1_desktop_pc_camera,nophone_notebook,9,0.0000
2026-07-15T15:40:19.011824+00:00,experiment_1_desktop_pc_camera,nophone_notebook,10,0.0000
2026-07-15T15:40:19.011824+00:00,experiment_1_desktop_pc_camera,nophone_notebook,11,0.0000
2026-07-15T15:40:19.011824+00:00,experiment_1_desktop_pc_camera,nophone_notebook,12,0.0000
2026-07-15T15:40:19.011824+00:00,experiment_1_desktop_pc_camera,nophone_notebook,13,0.0000
2026-07-15T15:40:19.011824+00:00,experiment_1_desktop_pc_camera,nophone_notebook,14,0.0000
2026-07-15T15:40:19.011824+00:00,experiment_1_desktop_pc_camera,nophone_notebook,15,0.0000
2026-07-15T15:40:19.011824+00:00,experiment_1_desktop_pc_camera,nophone_notebook,16,0.0000
2026-07-15T15:40:19.011824+00:00,experiment_1_desktop_pc_camera,nophone_notebook,17,0.0000
2026-07-15T15:40:19.011824+00:00,experiment_1_desktop_pc_camera,nophone_notebook,18,0.0000
2026-07-15T15:40:19.011824+00:00,experiment_1_desktop_pc_camera,nophone_notebook,19,0.0000
2026-07-15T15:40:19.011824+00:00,experiment_1_desktop_pc_camera,nophone_notebook,20,0.0000
2026-07-15T15:40:19.011824+00:00,experiment_1_desktop_pc_camera,nophone_notebook,21,0.0000
2026-07-15T15:40:19.011824+00:00,experiment_1_desktop_pc_camera,nophone_notebook,22,0.4495
2026-07-15T15:40:19.011824+00:00,experiment_1_desktop_pc_camera,nophone_notebook,23,0.3722
2026-07-15T15:40:19.011824+00:00,experiment_1_desktop_pc_camera,nophone_notebook,24,0.0000
2026-07-15T15:40:19.011824+00:00,experiment_1_desktop_pc_camera,nophone_notebook,25,0.0000
2026-07-15T15:40:19.011824+00:00,experiment_1_desktop_pc_camera,nophone_notebook,26,0.0000
2026-07-15T15:40:19.011824+00:00,experiment_1_desktop_pc_camera,nophone_notebook,27,0.0000
2026-07-15T15:40:19.011824+00:00,experiment_1_desktop_pc_camera,nophone_notebook,28,0.0000
2026-07-15T15:40:19.011824+00:00,experiment_1_desktop_pc_camera,nophone_notebook,29,0.0000
2026-07-15T15:40:19.011824+00:00,experiment_1_desktop_pc_camera,nophone_notebook,30,0.0000
2026-07-15T15:40:52.415087+00:00,experiment_1_desktop_pc_camera,phone_moved_quickly,1,0.0000
2026-07-15T15:40:52.415087+00:00,experiment_1_desktop_pc_camera,phone_moved_quickly,2,0.0000
2026-07-15T15:40:52.415087+00:00,experiment_1_desktop_pc_camera,phone_moved_quickly,3,0.0000
2026-07-15T15:40:52.415087+00:00,experiment_1_desktop_pc_camera,phone_moved_quickly,4,0.0000
2026-07-15T15:40:52.415087+00:00,experiment_1_desktop_pc_camera,phone_moved_quickly,5,0.0000
2026-07-15T15:40:52.415087+00:00,experiment_1_desktop_pc_camera,phone_moved_quickly,6,0.0000
2026-07-15T15:40:52.415087+00:00,experiment_1_desktop_pc_camera,phone_moved_quickly,7,0.0000
2026-07-15T15:40:52.415087+00:00,experiment_1_desktop_pc_camera,phone_moved_quickly,8,0.0000
2026-07-15T15:40:52.415087+00:00,experiment_1_desktop_pc_camera,phone_moved_quickly,9,0.3532
2026-07-15T15:40:52.415087+00:00,experiment_1_desktop_pc_camera,phone_moved_quickly,10,0.4036
2026-07-15T15:40:52.415087+00:00,experiment_1_desktop_pc_camera,phone_moved_quickly,11,0.0000
2026-07-15T15:40:52.415087+00:00,experiment_1_desktop_pc_camera,phone_moved_quickly,12,0.0000
2026-07-15T15:40:52.415087+00:00,experiment_1_desktop_pc_camera,phone_moved_quickly,13,0.0000
2026-07-15T15:40:52.415087+00:00,experiment_1_desktop_pc_camera,phone_moved_quickly,14,0.0000
2026-07-15T15:40:52.415087+00:00,experiment_1_desktop_pc_camera,phone_moved_quickly,15,0.0000
2026-07-15T15:40:52.415087+00:00,experiment_1_desktop_pc_camera,phone_moved_quickly,16,0.0000
2026-07-15T15:40:52.415087+00:00,experiment_1_desktop_pc_camera,phone_moved_quickly,17,0.0000
2026-07-15T15:40:52.415087+00:00,experiment_1_desktop_pc_camera,phone_moved_quickly,18,0.0000
2026-07-15T15:40:52.415087+00:00,experiment_1_desktop_pc_camera,phone_moved_quickly,19,0.0000
2026-07-15T15:40:52.415087+00:00,experiment_1_desktop_pc_camera,phone_moved_quickly,20,0.0000
2026-07-15T15:40:52.415087+00:00,experiment_1_desktop_pc_camera,phone_moved_quickly,21,0.4447
2026-07-15T15:40:52.415087+00:00,experiment_1_desktop_pc_camera,phone_moved_quickly,22,0.0000
2026-07-15T15:40:52.415087+00:00,experiment_1_desktop_pc_camera,phone_moved_quickly,23,0.0000
2026-07-15T15:40:52.415087+00:00,experiment_1_desktop_pc_camera,phone_moved_quickly,24,0.0000
2026-07-15T15:40:52.415087+00:00,experiment_1_desktop_pc_camera,phone_moved_quickly,25,0.4593
2026-07-15T15:40:52.415087+00:00,experiment_1_desktop_pc_camera,phone_moved_quickly,26,0.0000
2026-07-15T15:40:52.415087+00:00,experiment_1_desktop_pc_camera,phone_moved_quickly,27,0.0000
2026-07-15T15:40:52.415087+00:00,experiment_1_desktop_pc_camera,phone_moved_quickly,28,0.0000
2026-07-15T15:40:52.415087+00:00,experiment_1_desktop_pc_camera,phone_moved_quickly,29,0.0000
2026-07-15T15:40:52.415087+00:00,experiment_1_desktop_pc_camera,phone_moved_quickly,30,0.0000
2026-07-15T15:41:09.633017+00:00,experiment_1_desktop_pc_camera,phone_flashed,1,0.0000
2026-07-15T15:41:09.633017+00:00,experiment_1_desktop_pc_camera,phone_flashed,2,0.0000
2026-07-15T15:41:09.633017+00:00,experiment_1_desktop_pc_camera,phone_flashed,3,0.0000
2026-07-15T15:41:09.633017+00:00,experiment_1_desktop_pc_camera,phone_flashed,4,0.0000
2026-07-15T15:41:09.633017+00:00,experiment_1_desktop_pc_camera,phone_flashed,5,0.0000
2026-07-15T15:41:09.633017+00:00,experiment_1_desktop_pc_camera,phone_flashed,6,0.0000
2026-07-15T15:41:09.633017+00:00,experiment_1_desktop_pc_camera,phone_flashed,7,0.0000
2026-07-15T15:41:09.633017+00:00,experiment_1_desktop_pc_camera,phone_flashed,8,0.0000
2026-07-15T15:41:09.633017+00:00,experiment_1_desktop_pc_camera,phone_flashed,9,0.0000
2026-07-15T15:41:09.633017+00:00,experiment_1_desktop_pc_camera,phone_flashed,10,0.4290
2026-07-15T15:41:09.633017+00:00,experiment_1_desktop_pc_camera,phone_flashed,11,0.6986
2026-07-15T15:41:09.633017+00:00,experiment_1_desktop_pc_camera,phone_flashed,12,0.7286
2026-07-15T15:41:09.633017+00:00,experiment_1_desktop_pc_camera,phone_flashed,13,0.6687
2026-07-15T15:41:09.633017+00:00,experiment_1_desktop_pc_camera,phone_flashed,14,0.7528
2026-07-15T15:41:09.633017+00:00,experiment_1_desktop_pc_camera,phone_flashed,15,0.0000
2026-07-15T15:41:09.633017+00:00,experiment_1_desktop_pc_camera,phone_flashed,16,0.0000
2026-07-15T15:41:09.633017+00:00,experiment_1_desktop_pc_camera,phone_flashed,17,0.0000
2026-07-15T15:41:09.633017+00:00,experiment_1_desktop_pc_camera,phone_flashed,18,0.0000
2026-07-15T15:41:09.633017+00:00,experiment_1_desktop_pc_camera,phone_flashed,19,0.0000
2026-07-15T15:41:09.633017+00:00,experiment_1_desktop_pc_camera,phone_flashed,20,0.0000
2026-07-15T15:41:09.633017+00:00,experiment_1_desktop_pc_camera,phone_flashed,21,0.0000
2026-07-15T15:41:09.633017+00:00,experiment_1_desktop_pc_camera,phone_flashed,22,0.0000
2026-07-15T15:41:09.633017+00:00,experiment_1_desktop_pc_camera,phone_flashed,23,0.0000
2026-07-15T15:41:09.633017+00:00,experiment_1_desktop_pc_camera,phone_flashed,24,0.0000
2026-07-15T15:41:09.633017+00:00,experiment_1_desktop_pc_camera,phone_flashed,25,0.0000
2026-07-15T15:41:09.633017+00:00,experiment_1_desktop_pc_camera,phone_flashed,26,0.0000
2026-07-15T15:41:09.633017+00:00,experiment_1_desktop_pc_camera,phone_flashed,27,0.0000
2026-07-15T15:41:09.633017+00:00,experiment_1_desktop_pc_camera,phone_flashed,28,0.0000
2026-07-15T15:41:09.633017+00:00,experiment_1_desktop_pc_camera,phone_flashed,29,0.0000
2026-07-15T15:41:09.633017+00:00,experiment_1_desktop_pc_camera,phone_flashed,30,0.0000
2026-07-15T15:41:31.280423+00:00,experiment_1_desktop_pc_camera,phone_moved_quickly_lower_frame,1,0.0000
2026-07-15T15:41:31.280423+00:00,experiment_1_desktop_pc_camera,phone_moved_quickly_lower_frame,2,0.0000
2026-07-15T15:41:31.280423+00:00,experiment_1_desktop_pc_camera,phone_moved_quickly_lower_frame,3,0.0000
2026-07-15T15:41:31.280423+00:00,experiment_1_desktop_pc_camera,phone_moved_quickly_lower_frame,4,0.0000
2026-07-15T15:41:31.280423+00:00,experiment_1_desktop_pc_camera,phone_moved_quickly_lower_frame,5,0.0000
2026-07-15T15:41:31.280423+00:00,experiment_1_desktop_pc_camera,phone_moved_quickly_lower_frame,6,0.0000
2026-07-15T15:41:31.280423+00:00,experiment_1_desktop_pc_camera,phone_moved_quickly_lower_frame,7,0.2754
2026-07-15T15:41:31.280423+00:00,experiment_1_desktop_pc_camera,phone_moved_quickly_lower_frame,8,0.2700
2026-07-15T15:41:31.280423+00:00,experiment_1_desktop_pc_camera,phone_moved_quickly_lower_frame,9,0.0000
2026-07-15T15:41:31.280423+00:00,experiment_1_desktop_pc_camera,phone_moved_quickly_lower_frame,10,0.0000
2026-07-15T15:41:31.280423+00:00,experiment_1_desktop_pc_camera,phone_moved_quickly_lower_frame,11,0.0000
2026-07-15T15:41:31.280423+00:00,experiment_1_desktop_pc_camera,phone_moved_quickly_lower_frame,12,0.5914
2026-07-15T15:41:31.280423+00:00,experiment_1_desktop_pc_camera,phone_moved_quickly_lower_frame,13,0.7452
2026-07-15T15:41:31.280423+00:00,experiment_1_desktop_pc_camera,phone_moved_quickly_lower_frame,14,0.0000
2026-07-15T15:41:31.280423+00:00,experiment_1_desktop_pc_camera,phone_moved_quickly_lower_frame,15,0.0000
2026-07-15T15:41:31.280423+00:00,experiment_1_desktop_pc_camera,phone_moved_quickly_lower_frame,16,0.0000
2026-07-15T15:41:31.280423+00:00,experiment_1_desktop_pc_camera,phone_moved_quickly_lower_frame,17,0.3110
2026-07-15T15:41:31.280423+00:00,experiment_1_desktop_pc_camera,phone_moved_quickly_lower_frame,18,0.0000
2026-07-15T15:41:31.280423+00:00,experiment_1_desktop_pc_camera,phone_moved_quickly_lower_frame,19,0.0000
2026-07-15T15:41:31.280423+00:00,experiment_1_desktop_pc_camera,phone_moved_quickly_lower_frame,20,0.0000
2026-07-15T15:41:31.280423+00:00,experiment_1_desktop_pc_camera,phone_moved_quickly_lower_frame,21,0.0000
2026-07-15T15:41:31.280423+00:00,experiment_1_desktop_pc_camera,phone_moved_quickly_lower_frame,22,0.0000
2026-07-15T15:41:31.280423+00:00,experiment_1_desktop_pc_camera,phone_moved_quickly_lower_frame,23,0.0000
2026-07-15T15:41:31.280423+00:00,experiment_1_desktop_pc_camera,phone_moved_quickly_lower_frame,24,0.0000
2026-07-15T15:41:31.280423+00:00,experiment_1_desktop_pc_camera,phone_moved_quickly_lower_frame,25,0.0000
2026-07-15T15:41:31.280423+00:00,experiment_1_desktop_pc_camera,phone_moved_quickly_lower_frame,26,0.0000
2026-07-15T15:41:31.280423+00:00,experiment_1_desktop_pc_camera,phone_moved_quickly_lower_frame,27,0.0000
2026-07-15T15:41:31.280423+00:00,experiment_1_desktop_pc_camera,phone_moved_quickly_lower_frame,28,0.0000
2026-07-15T15:41:31.280423+00:00,experiment_1_desktop_pc_camera,phone_moved_quickly_lower_frame,29,0.0000
2026-07-15T15:41:31.280423+00:00,experiment_1_desktop_pc_camera,phone_moved_quickly_lower_frame,30,0.0000
2026-07-15T19:14:36.333585+00:00,experiment_1_desktop_pc_camera,nophone_dark_waterbottle_in_frame,1,0.8053
2026-07-15T19:14:36.333585+00:00,experiment_1_desktop_pc_camera,nophone_dark_waterbottle_in_frame,2,0.7107
2026-07-15T19:14:36.333585+00:00,experiment_1_desktop_pc_camera,nophone_dark_waterbottle_in_frame,3,0.8028
2026-07-15T19:14:36.333585+00:00,experiment_1_desktop_pc_camera,nophone_dark_waterbottle_in_frame,4,0.8671
2026-07-15T19:14:36.333585+00:00,experiment_1_desktop_pc_camera,nophone_dark_waterbottle_in_frame,5,0.8671
2026-07-15T19:14:36.333585+00:00,experiment_1_desktop_pc_camera,nophone_dark_waterbottle_in_frame,6,0.8708
2026-07-15T19:14:36.333585+00:00,experiment_1_desktop_pc_camera,nophone_dark_waterbottle_in_frame,7,0.8416
2026-07-15T19:14:36.333585+00:00,experiment_1_desktop_pc_camera,nophone_dark_waterbottle_in_frame,8,0.8536
2026-07-15T19:14:36.333585+00:00,experiment_1_desktop_pc_camera,nophone_dark_waterbottle_in_frame,9,0.8536
2026-07-15T19:14:36.333585+00:00,experiment_1_desktop_pc_camera,nophone_dark_waterbottle_in_frame,10,0.8655
2026-07-15T19:14:36.333585+00:00,experiment_1_desktop_pc_camera,nophone_dark_waterbottle_in_frame,11,0.7862
2026-07-15T19:14:36.333585+00:00,experiment_1_desktop_pc_camera,nophone_dark_waterbottle_in_frame,12,0.8326
2026-07-15T19:14:36.333585+00:00,experiment_1_desktop_pc_camera,nophone_dark_waterbottle_in_frame,13,0.8326
2026-07-15T19:14:36.333585+00:00,experiment_1_desktop_pc_camera,nophone_dark_waterbottle_in_frame,14,0.8311
2026-07-15T19:14:36.333585+00:00,experiment_1_desktop_pc_camera,nophone_dark_waterbottle_in_frame,15,0.8603
2026-07-15T19:14:36.333585+00:00,experiment_1_desktop_pc_camera,nophone_dark_waterbottle_in_frame,16,0.8544
2026-07-15T19:14:36.333585+00:00,experiment_1_desktop_pc_camera,nophone_dark_waterbottle_in_frame,17,0.8544
2026-07-15T19:14:36.333585+00:00,experiment_1_desktop_pc_camera,nophone_dark_waterbottle_in_frame,18,0.8022
2026-07-15T19:14:36.333585+00:00,experiment_1_desktop_pc_camera,nophone_dark_waterbottle_in_frame,19,0.8205
2026-07-15T19:14:36.333585+00:00,experiment_1_desktop_pc_camera,nophone_dark_waterbottle_in_frame,20,0.8380
2026-07-15T19:14:36.333585+00:00,experiment_1_desktop_pc_camera,nophone_dark_waterbottle_in_frame,21,0.8380
2026-07-15T19:14:36.333585+00:00,experiment_1_desktop_pc_camera,nophone_dark_waterbottle_in_frame,22,0.8790
2026-07-15T19:14:36.333585+00:00,experiment_1_desktop_pc_camera,nophone_dark_waterbottle_in_frame,23,0.8804
2026-07-15T19:14:36.333585+00:00,experiment_1_desktop_pc_camera,nophone_dark_waterbottle_in_frame,24,0.8701
2026-07-15T19:14:36.333585+00:00,experiment_1_desktop_pc_camera,nophone_dark_waterbottle_in_frame,25,0.8701
2026-07-15T19:14:36.333585+00:00,experiment_1_desktop_pc_camera,nophone_dark_waterbottle_in_frame,26,0.8601
2026-07-15T19:14:36.333585+00:00,experiment_1_desktop_pc_camera,nophone_dark_waterbottle_in_frame,27,0.8721
2026-07-15T19:14:36.333585+00:00,experiment_1_desktop_pc_camera,nophone_dark_waterbottle_in_frame,28,0.8634
2026-07-15T19:14:36.333585+00:00,experiment_1_desktop_pc_camera,nophone_dark_waterbottle_in_frame,29,0.9057
2026-07-15T19:14:36.333585+00:00,experiment_1_desktop_pc_camera,nophone_dark_waterbottle_in_frame,30,0.8639
2026-07-15T19:15:06.552360+00:00,experiment_1_desktop_pc_camera,nophone_dark_water_bottle_half,1,0.0000
2026-07-15T19:15:06.552360+00:00,experiment_1_desktop_pc_camera,nophone_dark_water_bottle_half,2,0.0000
2026-07-15T19:15:06.552360+00:00,experiment_1_desktop_pc_camera,nophone_dark_water_bottle_half,3,0.0000
2026-07-15T19:15:06.552360+00:00,experiment_1_desktop_pc_camera,nophone_dark_water_bottle_half,4,0.0000
2026-07-15T19:15:06.552360+00:00,experiment_1_desktop_pc_camera,nophone_dark_water_bottle_half,5,0.0000
2026-07-15T19:15:06.552360+00:00,experiment_1_desktop_pc_camera,nophone_dark_water_bottle_half,6,0.0000
2026-07-15T19:15:06.552360+00:00,experiment_1_desktop_pc_camera,nophone_dark_water_bottle_half,7,0.0000
2026-07-15T19:15:06.552360+00:00,experiment_1_desktop_pc_camera,nophone_dark_water_bottle_half,8,0.0000
2026-07-15T19:15:06.552360+00:00,experiment_1_desktop_pc_camera,nophone_dark_water_bottle_half,9,0.0000
2026-07-15T19:15:06.552360+00:00,experiment_1_desktop_pc_camera,nophone_dark_water_bottle_half,10,0.0000
2026-07-15T19:15:06.552360+00:00,experiment_1_desktop_pc_camera,nophone_dark_water_bottle_half,11,0.0000
2026-07-15T19:15:06.552360+00:00,experiment_1_desktop_pc_camera,nophone_dark_water_bottle_half,12,0.0000
2026-07-15T19:15:06.552360+00:00,experiment_1_desktop_pc_camera,nophone_dark_water_bottle_half,13,0.0000
2026-07-15T19:15:06.552360+00:00,experiment_1_desktop_pc_camera,nophone_dark_water_bottle_half,14,0.0000
2026-07-15T19:15:06.552360+00:00,experiment_1_desktop_pc_camera,nophone_dark_water_bottle_half,15,0.0000
2026-07-15T19:15:06.552360+00:00,experiment_1_desktop_pc_camera,nophone_dark_water_bottle_half,16,0.0000
2026-07-15T19:15:06.552360+00:00,experiment_1_desktop_pc_camera,nophone_dark_water_bottle_half,17,0.0000
2026-07-15T19:15:06.552360+00:00,experiment_1_desktop_pc_camera,nophone_dark_water_bottle_half,18,0.0000
2026-07-15T19:15:06.552360+00:00,experiment_1_desktop_pc_camera,nophone_dark_water_bottle_half,19,0.0000
2026-07-15T19:15:06.552360+00:00,experiment_1_desktop_pc_camera,nophone_dark_water_bottle_half,20,0.0000
2026-07-15T19:15:06.552360+00:00,experiment_1_desktop_pc_camera,nophone_dark_water_bottle_half,21,0.0000
2026-07-15T19:15:06.552360+00:00,experiment_1_desktop_pc_camera,nophone_dark_water_bottle_half,22,0.0000
2026-07-15T19:15:06.552360+00:00,experiment_1_desktop_pc_camera,nophone_dark_water_bottle_half,23,0.0000
2026-07-15T19:15:06.552360+00:00,experiment_1_desktop_pc_camera,nophone_dark_water_bottle_half,24,0.0000
2026-07-15T19:15:06.552360+00:00,experiment_1_desktop_pc_camera,nophone_dark_water_bottle_half,25,0.0000
2026-07-15T19:15:06.552360+00:00,experiment_1_desktop_pc_camera,nophone_dark_water_bottle_half,26,0.5599
2026-07-15T19:15:06.552360+00:00,experiment_1_desktop_pc_camera,nophone_dark_water_bottle_half,27,0.0000
2026-07-15T19:15:06.552360+00:00,experiment_1_desktop_pc_camera,nophone_dark_water_bottle_half,28,0.0000
2026-07-15T19:15:06.552360+00:00,experiment_1_desktop_pc_camera,nophone_dark_water_bottle_half,29,0.0000
2026-07-15T19:15:06.552360+00:00,experiment_1_desktop_pc_camera,nophone_dark_water_bottle_half,30,0.0000
2026-07-15T19:15:38.279765+00:00,experiment_1_desktop_pc_camera,nophone_dark_water_bottle_drinking,1,0.0000
2026-07-15T19:15:38.279765+00:00,experiment_1_desktop_pc_camera,nophone_dark_water_bottle_drinking,2,0.0000
2026-07-15T19:15:38.279765+00:00,experiment_1_desktop_pc_camera,nophone_dark_water_bottle_drinking,3,0.0000
2026-07-15T19:15:38.279765+00:00,experiment_1_desktop_pc_camera,nophone_dark_water_bottle_drinking,4,0.0000
2026-07-15T19:15:38.279765+00:00,experiment_1_desktop_pc_camera,nophone_dark_water_bottle_drinking,5,0.0000
2026-07-15T19:15:38.279765+00:00,experiment_1_desktop_pc_camera,nophone_dark_water_bottle_drinking,6,0.0000
2026-07-15T19:15:38.279765+00:00,experiment_1_desktop_pc_camera,nophone_dark_water_bottle_drinking,7,0.0000
2026-07-15T19:15:38.279765+00:00,experiment_1_desktop_pc_camera,nophone_dark_water_bottle_drinking,8,0.0000
2026-07-15T19:15:38.279765+00:00,experiment_1_desktop_pc_camera,nophone_dark_water_bottle_drinking,9,0.0000
2026-07-15T19:15:38.279765+00:00,experiment_1_desktop_pc_camera,nophone_dark_water_bottle_drinking,10,0.0000
2026-07-15T19:15:38.279765+00:00,experiment_1_desktop_pc_camera,nophone_dark_water_bottle_drinking,11,0.0000
2026-07-15T19:15:38.279765+00:00,experiment_1_desktop_pc_camera,nophone_dark_water_bottle_drinking,12,0.0000
2026-07-15T19:15:38.279765+00:00,experiment_1_desktop_pc_camera,nophone_dark_water_bottle_drinking,13,0.0000
2026-07-15T19:15:38.279765+00:00,experiment_1_desktop_pc_camera,nophone_dark_water_bottle_drinking,14,0.0000
2026-07-15T19:15:38.279765+00:00,experiment_1_desktop_pc_camera,nophone_dark_water_bottle_drinking,15,0.0000
2026-07-15T19:15:38.279765+00:00,experiment_1_desktop_pc_camera,nophone_dark_water_bottle_drinking,16,0.0000
2026-07-15T19:15:38.279765+00:00,experiment_1_desktop_pc_camera,nophone_dark_water_bottle_drinking,17,0.0000
2026-07-15T19:15:38.279765+00:00,experiment_1_desktop_pc_camera,nophone_dark_water_bottle_drinking,18,0.0000
2026-07-15T19:15:38.279765+00:00,experiment_1_desktop_pc_camera,nophone_dark_water_bottle_drinking,19,0.0000
2026-07-15T19:15:38.279765+00:00,experiment_1_desktop_pc_camera,nophone_dark_water_bottle_drinking,20,0.0000
2026-07-15T19:15:38.279765+00:00,experiment_1_desktop_pc_camera,nophone_dark_water_bottle_drinking,21,0.0000
2026-07-15T19:15:38.279765+00:00,experiment_1_desktop_pc_camera,nophone_dark_water_bottle_drinking,22,0.0000
2026-07-15T19:15:38.279765+00:00,experiment_1_desktop_pc_camera,nophone_dark_water_bottle_drinking,23,0.0000
2026-07-15T19:15:38.279765+00:00,experiment_1_desktop_pc_camera,nophone_dark_water_bottle_drinking,24,0.0000
2026-07-15T19:15:38.279765+00:00,experiment_1_desktop_pc_camera,nophone_dark_water_bottle_drinking,25,0.0000
2026-07-15T19:15:38.279765+00:00,experiment_1_desktop_pc_camera,nophone_dark_water_bottle_drinking,26,0.0000
2026-07-15T19:15:38.279765+00:00,experiment_1_desktop_pc_camera,nophone_dark_water_bottle_drinking,27,0.0000
2026-07-15T19:15:38.279765+00:00,experiment_1_desktop_pc_camera,nophone_dark_water_bottle_drinking,28,0.0000
2026-07-15T19:15:38.279765+00:00,experiment_1_desktop_pc_camera,nophone_dark_water_bottle_drinking,29,0.0000
2026-07-15T19:15:38.279765+00:00,experiment_1_desktop_pc_camera,nophone_dark_water_bottle_drinking,30,0.0000
2026-07-15T19:16:29.677380+00:00,experiment_1_desktop_pc_camera,phone_hidden_by_hand,1,0.8286
2026-07-15T19:16:29.677380+00:00,experiment_1_desktop_pc_camera,phone_hidden_by_hand,2,0.8286
2026-07-15T19:16:29.677380+00:00,experiment_1_desktop_pc_camera,phone_hidden_by_hand,3,0.8346
2026-07-15T19:16:29.677380+00:00,experiment_1_desktop_pc_camera,phone_hidden_by_hand,4,0.8396
2026-07-15T19:16:29.677380+00:00,experiment_1_desktop_pc_camera,phone_hidden_by_hand,5,0.7609
2026-07-15T19:16:29.677380+00:00,experiment_1_desktop_pc_camera,phone_hidden_by_hand,6,0.7609
2026-07-15T19:16:29.677380+00:00,experiment_1_desktop_pc_camera,phone_hidden_by_hand,7,0.7355
2026-07-15T19:16:29.677380+00:00,experiment_1_desktop_pc_camera,phone_hidden_by_hand,8,0.6917
2026-07-15T19:16:29.677380+00:00,experiment_1_desktop_pc_camera,phone_hidden_by_hand,9,0.5484
2026-07-15T19:16:29.677380+00:00,experiment_1_desktop_pc_camera,phone_hidden_by_hand,10,0.5484
2026-07-15T19:16:29.677380+00:00,experiment_1_desktop_pc_camera,phone_hidden_by_hand,11,0.3608
2026-07-15T19:16:29.677380+00:00,experiment_1_desktop_pc_camera,phone_hidden_by_hand,12,0.4020
2026-07-15T19:16:29.677380+00:00,experiment_1_desktop_pc_camera,phone_hidden_by_hand,13,0.4250
2026-07-15T19:16:29.677380+00:00,experiment_1_desktop_pc_camera,phone_hidden_by_hand,14,0.4250
2026-07-15T19:16:29.677380+00:00,experiment_1_desktop_pc_camera,phone_hidden_by_hand,15,0.3745
2026-07-15T19:16:29.677380+00:00,experiment_1_desktop_pc_camera,phone_hidden_by_hand,16,0.6046
2026-07-15T19:16:29.677380+00:00,experiment_1_desktop_pc_camera,phone_hidden_by_hand,17,0.4456
2026-07-15T19:16:29.677380+00:00,experiment_1_desktop_pc_camera,phone_hidden_by_hand,18,0.4456
2026-07-15T19:16:29.677380+00:00,experiment_1_desktop_pc_camera,phone_hidden_by_hand,19,0.3539
2026-07-15T19:16:29.677380+00:00,experiment_1_desktop_pc_camera,phone_hidden_by_hand,20,0.5673
2026-07-15T19:16:29.677380+00:00,experiment_1_desktop_pc_camera,phone_hidden_by_hand,21,0.5631
2026-07-15T19:16:29.677380+00:00,experiment_1_desktop_pc_camera,phone_hidden_by_hand,22,0.5631
2026-07-15T19:16:29.677380+00:00,experiment_1_desktop_pc_camera,phone_hidden_by_hand,23,0.6572
2026-07-15T19:16:29.677380+00:00,experiment_1_desktop_pc_camera,phone_hidden_by_hand,24,0.6030
2026-07-15T19:16:29.677380+00:00,experiment_1_desktop_pc_camera,phone_hidden_by_hand,25,0.5617
2026-07-15T19:16:29.677380+00:00,experiment_1_desktop_pc_camera,phone_hidden_by_hand,26,0.6028
2026-07-15T19:16:29.677380+00:00,experiment_1_desktop_pc_camera,phone_hidden_by_hand,27,0.4874
2026-07-15T19:16:29.677380+00:00,experiment_1_desktop_pc_camera,phone_hidden_by_hand,28,0.4297
2026-07-15T19:16:29.677380+00:00,experiment_1_desktop_pc_camera,phone_hidden_by_hand,29,0.5330
2026-07-15T19:16:29.677380+00:00,experiment_1_desktop_pc_camera,phone_hidden_by_hand,30,0.5530
2026-07-15T19:16:55.433603+00:00,experiment_1_desktop_pc_camera,phone_hidden_by_hand_and_half_in_frame,1,0.8172
2026-07-15T19:16:55.433603+00:00,experiment_1_desktop_pc_camera,phone_hidden_by_hand_and_half_in_frame,2,0.8172
2026-07-15T19:16:55.433603+00:00,experiment_1_desktop_pc_camera,phone_hidden_by_hand_and_half_in_frame,3,0.8374
2026-07-15T19:16:55.433603+00:00,experiment_1_desktop_pc_camera,phone_hidden_by_hand_and_half_in_frame,4,0.8253
2026-07-15T19:16:55.433603+00:00,experiment_1_desktop_pc_camera,phone_hidden_by_hand_and_half_in_frame,5,0.5829
2026-07-15T19:16:55.433603+00:00,experiment_1_desktop_pc_camera,phone_hidden_by_hand_and_half_in_frame,6,0.5829
2026-07-15T19:16:55.433603+00:00,experiment_1_desktop_pc_camera,phone_hidden_by_hand_and_half_in_frame,7,0.5298
2026-07-15T19:16:55.433603+00:00,experiment_1_desktop_pc_camera,phone_hidden_by_hand_and_half_in_frame,8,0.0000
2026-07-15T19:16:55.433603+00:00,experiment_1_desktop_pc_camera,phone_hidden_by_hand_and_half_in_frame,9,0.0000
2026-07-15T19:16:55.433603+00:00,experiment_1_desktop_pc_camera,phone_hidden_by_hand_and_half_in_frame,10,0.0000
2026-07-15T19:16:55.433603+00:00,experiment_1_desktop_pc_camera,phone_hidden_by_hand_and_half_in_frame,11,0.0000
2026-07-15T19:16:55.433603+00:00,experiment_1_desktop_pc_camera,phone_hidden_by_hand_and_half_in_frame,12,0.0000
2026-07-15T19:16:55.433603+00:00,experiment_1_desktop_pc_camera,phone_hidden_by_hand_and_half_in_frame,13,0.0000
2026-07-15T19:16:55.433603+00:00,experiment_1_desktop_pc_camera,phone_hidden_by_hand_and_half_in_frame,14,0.0000
2026-07-15T19:16:55.433603+00:00,experiment_1_desktop_pc_camera,phone_hidden_by_hand_and_half_in_frame,15,0.0000
2026-07-15T19:16:55.433603+00:00,experiment_1_desktop_pc_camera,phone_hidden_by_hand_and_half_in_frame,16,0.0000
2026-07-15T19:16:55.433603+00:00,experiment_1_desktop_pc_camera,phone_hidden_by_hand_and_half_in_frame,17,0.0000
2026-07-15T19:16:55.433603+00:00,experiment_1_desktop_pc_camera,phone_hidden_by_hand_and_half_in_frame,18,0.0000
2026-07-15T19:16:55.433603+00:00,experiment_1_desktop_pc_camera,phone_hidden_by_hand_and_half_in_frame,19,0.0000
2026-07-15T19:16:55.433603+00:00,experiment_1_desktop_pc_camera,phone_hidden_by_hand_and_half_in_frame,20,0.0000
2026-07-15T19:16:55.433603+00:00,experiment_1_desktop_pc_camera,phone_hidden_by_hand_and_half_in_frame,21,0.0000
2026-07-15T19:16:55.433603+00:00,experiment_1_desktop_pc_camera,phone_hidden_by_hand_and_half_in_frame,22,0.0000
2026-07-15T19:16:55.433603+00:00,experiment_1_desktop_pc_camera,phone_hidden_by_hand_and_half_in_frame,23,0.0000
2026-07-15T19:16:55.433603+00:00,experiment_1_desktop_pc_camera,phone_hidden_by_hand_and_half_in_frame,24,0.0000
2026-07-15T19:16:55.433603+00:00,experiment_1_desktop_pc_camera,phone_hidden_by_hand_and_half_in_frame,25,0.0000
2026-07-15T19:16:55.433603+00:00,experiment_1_desktop_pc_camera,phone_hidden_by_hand_and_half_in_frame,26,0.0000
2026-07-15T19:16:55.433603+00:00,experiment_1_desktop_pc_camera,phone_hidden_by_hand_and_half_in_frame,27,0.0000
2026-07-15T19:16:55.433603+00:00,experiment_1_desktop_pc_camera,phone_hidden_by_hand_and_half_in_frame,28,0.7827
2026-07-15T19:16:55.433603+00:00,experiment_1_desktop_pc_camera,phone_hidden_by_hand_and_half_in_frame,29,0.7827
2026-07-15T19:16:55.433603+00:00,experiment_1_desktop_pc_camera,phone_hidden_by_hand_and_half_in_frame,30,0.6955
2026-07-15T19:17:12.479372+00:00,experiment_1_desktop_pc_camera,phone_side_ways,1,0.0000
2026-07-15T19:17:12.479372+00:00,experiment_1_desktop_pc_camera,phone_side_ways,2,0.0000
2026-07-15T19:17:12.479372+00:00,experiment_1_desktop_pc_camera,phone_side_ways,3,0.0000
2026-07-15T19:17:12.479372+00:00,experiment_1_desktop_pc_camera,phone_side_ways,4,0.0000
2026-07-15T19:17:12.479372+00:00,experiment_1_desktop_pc_camera,phone_side_ways,5,0.0000
2026-07-15T19:17:12.479372+00:00,experiment_1_desktop_pc_camera,phone_side_ways,6,0.0000
2026-07-15T19:17:12.479372+00:00,experiment_1_desktop_pc_camera,phone_side_ways,7,0.0000
2026-07-15T19:17:12.479372+00:00,experiment_1_desktop_pc_camera,phone_side_ways,8,0.0000
2026-07-15T19:17:12.479372+00:00,experiment_1_desktop_pc_camera,phone_side_ways,9,0.0000
2026-07-15T19:17:12.479372+00:00,experiment_1_desktop_pc_camera,phone_side_ways,10,0.0000
2026-07-15T19:17:12.479372+00:00,experiment_1_desktop_pc_camera,phone_side_ways,11,0.0000
2026-07-15T19:17:12.479372+00:00,experiment_1_desktop_pc_camera,phone_side_ways,12,0.0000
2026-07-15T19:17:12.479372+00:00,experiment_1_desktop_pc_camera,phone_side_ways,13,0.0000
2026-07-15T19:17:12.479372+00:00,experiment_1_desktop_pc_camera,phone_side_ways,14,0.0000
2026-07-15T19:17:12.479372+00:00,experiment_1_desktop_pc_camera,phone_side_ways,15,0.0000
2026-07-15T19:17:12.479372+00:00,experiment_1_desktop_pc_camera,phone_side_ways,16,0.0000
2026-07-15T19:17:12.479372+00:00,experiment_1_desktop_pc_camera,phone_side_ways,17,0.0000
2026-07-15T19:17:12.479372+00:00,experiment_1_desktop_pc_camera,phone_side_ways,18,0.0000
2026-07-15T19:17:12.479372+00:00,experiment_1_desktop_pc_camera,phone_side_ways,19,0.5148
2026-07-15T19:17:12.479372+00:00,experiment_1_desktop_pc_camera,phone_side_ways,20,0.5745
2026-07-15T19:17:12.479372+00:00,experiment_1_desktop_pc_camera,phone_side_ways,21,0.5745
2026-07-15T19:17:12.479372+00:00,experiment_1_desktop_pc_camera,phone_side_ways,22,0.6542
2026-07-15T19:17:12.479372+00:00,experiment_1_desktop_pc_camera,phone_side_ways,23,0.0000
2026-07-15T19:17:12.479372+00:00,experiment_1_desktop_pc_camera,phone_side_ways,24,0.0000
2026-07-15T19:17:12.479372+00:00,experiment_1_desktop_pc_camera,phone_side_ways,25,0.0000
2026-07-15T19:17:12.479372+00:00,experiment_1_desktop_pc_camera,phone_side_ways,26,0.0000
2026-07-15T19:17:12.479372+00:00,experiment_1_desktop_pc_camera,phone_side_ways,27,0.0000
2026-07-15T19:17:12.479372+00:00,experiment_1_desktop_pc_camera,phone_side_ways,28,0.0000
2026-07-15T19:17:12.479372+00:00,experiment_1_desktop_pc_camera,phone_side_ways,29,0.0000
2026-07-15T19:17:12.479372+00:00,experiment_1_desktop_pc_camera,phone_side_ways,30,0.0000
2026-07-15T19:17:32.355512+00:00,experiment_1_desktop_pc_camera,nophone_empty_frame_fidgeting,1,0.0000
2026-07-15T19:17:32.355512+00:00,experiment_1_desktop_pc_camera,nophone_empty_frame_fidgeting,2,0.0000
2026-07-15T19:17:32.355512+00:00,experiment_1_desktop_pc_camera,nophone_empty_frame_fidgeting,3,0.0000
2026-07-15T19:17:32.355512+00:00,experiment_1_desktop_pc_camera,nophone_empty_frame_fidgeting,4,0.0000
2026-07-15T19:17:32.355512+00:00,experiment_1_desktop_pc_camera,nophone_empty_frame_fidgeting,5,0.0000
2026-07-15T19:17:32.355512+00:00,experiment_1_desktop_pc_camera,nophone_empty_frame_fidgeting,6,0.0000
2026-07-15T19:17:32.355512+00:00,experiment_1_desktop_pc_camera,nophone_empty_frame_fidgeting,7,0.0000
2026-07-15T19:17:32.355512+00:00,experiment_1_desktop_pc_camera,nophone_empty_frame_fidgeting,8,0.0000
2026-07-15T19:17:32.355512+00:00,experiment_1_desktop_pc_camera,nophone_empty_frame_fidgeting,9,0.0000
2026-07-15T19:17:32.355512+00:00,experiment_1_desktop_pc_camera,nophone_empty_frame_fidgeting,10,0.0000
2026-07-15T19:17:32.355512+00:00,experiment_1_desktop_pc_camera,nophone_empty_frame_fidgeting,11,0.0000
2026-07-15T19:17:32.355512+00:00,experiment_1_desktop_pc_camera,nophone_empty_frame_fidgeting,12,0.0000
2026-07-15T19:17:32.355512+00:00,experiment_1_desktop_pc_camera,nophone_empty_frame_fidgeting,13,0.0000
2026-07-15T19:17:32.355512+00:00,experiment_1_desktop_pc_camera,nophone_empty_frame_fidgeting,14,0.0000
2026-07-15T19:17:32.355512+00:00,experiment_1_desktop_pc_camera,nophone_empty_frame_fidgeting,15,0.0000
2026-07-15T19:17:32.355512+00:00,experiment_1_desktop_pc_camera,nophone_empty_frame_fidgeting,16,0.0000
2026-07-15T19:17:32.355512+00:00,experiment_1_desktop_pc_camera,nophone_empty_frame_fidgeting,17,0.0000
2026-07-15T19:17:32.355512+00:00,experiment_1_desktop_pc_camera,nophone_empty_frame_fidgeting,18,0.0000
2026-07-15T19:17:32.355512+00:00,experiment_1_desktop_pc_camera,nophone_empty_frame_fidgeting,19,0.0000
2026-07-15T19:17:32.355512+00:00,experiment_1_desktop_pc_camera,nophone_empty_frame_fidgeting,20,0.0000
2026-07-15T19:17:32.355512+00:00,experiment_1_desktop_pc_camera,nophone_empty_frame_fidgeting,21,0.0000
2026-07-15T19:17:32.355512+00:00,experiment_1_desktop_pc_camera,nophone_empty_frame_fidgeting,22,0.0000
2026-07-15T19:17:32.355512+00:00,experiment_1_desktop_pc_camera,nophone_empty_frame_fidgeting,23,0.0000
2026-07-15T19:17:32.355512+00:00,experiment_1_desktop_pc_camera,nophone_empty_frame_fidgeting,24,0.0000
2026-07-15T19:17:32.355512+00:00,experiment_1_desktop_pc_camera,nophone_empty_frame_fidgeting,25,0.0000
2026-07-15T19:17:32.355512+00:00,experiment_1_desktop_pc_camera,nophone_empty_frame_fidgeting,26,0.0000
2026-07-15T19:17:32.355512+00:00,experiment_1_desktop_pc_camera,nophone_empty_frame_fidgeting,27,0.0000
2026-07-15T19:17:32.355512+00:00,experiment_1_desktop_pc_camera,nophone_empty_frame_fidgeting,28,0.0000
2026-07-15T19:17:32.355512+00:00,experiment_1_desktop_pc_camera,nophone_empty_frame_fidgeting,29,0.0000
2026-07-15T19:17:32.355512+00:00,experiment_1_desktop_pc_camera,nophone_empty_frame_fidgeting,30,0.0000
2026-07-15T19:17:50.198330+00:00,experiment_1_desktop_pc_camera,nophone_empty_frame_looking_around,1,0.0000
2026-07-15T19:17:50.198330+00:00,experiment_1_desktop_pc_camera,nophone_empty_frame_looking_around,2,0.0000
2026-07-15T19:17:50.198330+00:00,experiment_1_desktop_pc_camera,nophone_empty_frame_looking_around,3,0.0000
2026-07-15T19:17:50.198330+00:00,experiment_1_desktop_pc_camera,nophone_empty_frame_looking_around,4,0.0000
2026-07-15T19:17:50.198330+00:00,experiment_1_desktop_pc_camera,nophone_empty_frame_looking_around,5,0.0000
2026-07-15T19:17:50.198330+00:00,experiment_1_desktop_pc_camera,nophone_empty_frame_looking_around,6,0.0000
2026-07-15T19:17:50.198330+00:00,experiment_1_desktop_pc_camera,nophone_empty_frame_looking_around,7,0.0000
2026-07-15T19:17:50.198330+00:00,experiment_1_desktop_pc_camera,nophone_empty_frame_looking_around,8,0.0000
2026-07-15T19:17:50.198330+00:00,experiment_1_desktop_pc_camera,nophone_empty_frame_looking_around,9,0.0000
2026-07-15T19:17:50.198330+00:00,experiment_1_desktop_pc_camera,nophone_empty_frame_looking_around,10,0.0000
2026-07-15T19:17:50.198330+00:00,experiment_1_desktop_pc_camera,nophone_empty_frame_looking_around,11,0.0000
2026-07-15T19:17:50.198330+00:00,experiment_1_desktop_pc_camera,nophone_empty_frame_looking_around,12,0.0000
2026-07-15T19:17:50.198330+00:00,experiment_1_desktop_pc_camera,nophone_empty_frame_looking_around,13,0.0000
2026-07-15T19:17:50.198330+00:00,experiment_1_desktop_pc_camera,nophone_empty_frame_looking_around,14,0.0000
2026-07-15T19:17:50.198330+00:00,experiment_1_desktop_pc_camera,nophone_empty_frame_looking_around,15,0.0000
2026-07-15T19:17:50.198330+00:00,experiment_1_desktop_pc_camera,nophone_empty_frame_looking_around,16,0.0000
2026-07-15T19:17:50.198330+00:00,experiment_1_desktop_pc_camera,nophone_empty_frame_looking_around,17,0.0000
2026-07-15T19:17:50.198330+00:00,experiment_1_desktop_pc_camera,nophone_empty_frame_looking_around,18,0.0000
2026-07-15T19:17:50.198330+00:00,experiment_1_desktop_pc_camera,nophone_empty_frame_looking_around,19,0.0000
2026-07-15T19:17:50.198330+00:00,experiment_1_desktop_pc_camera,nophone_empty_frame_looking_around,20,0.0000
2026-07-15T19:17:50.198330+00:00,experiment_1_desktop_pc_camera,nophone_empty_frame_looking_around,21,0.0000
2026-07-15T19:17:50.198330+00:00,experiment_1_desktop_pc_camera,nophone_empty_frame_looking_around,22,0.0000
2026-07-15T19:17:50.198330+00:00,experiment_1_desktop_pc_camera,nophone_empty_frame_looking_around,23,0.0000
2026-07-15T19:17:50.198330+00:00,experiment_1_desktop_pc_camera,nophone_empty_frame_looking_around,24,0.0000
2026-07-15T19:17:50.198330+00:00,experiment_1_desktop_pc_camera,nophone_empty_frame_looking_around,25,0.0000
2026-07-15T19:17:50.198330+00:00,experiment_1_desktop_pc_camera,nophone_empty_frame_looking_around,26,0.0000
2026-07-15T19:17:50.198330+00:00,experiment_1_desktop_pc_camera,nophone_empty_frame_looking_around,27,0.0000
2026-07-15T19:17:50.198330+00:00,experiment_1_desktop_pc_camera,nophone_empty_frame_looking_around,28,0.0000
2026-07-15T19:17:50.198330+00:00,experiment_1_desktop_pc_camera,nophone_empty_frame_looking_around,29,0.0000
2026-07-15T19:17:50.198330+00:00,experiment_1_desktop_pc_camera,nophone_empty_frame_looking_around,30,0.0000
